Pixel_ID;Row;Col;Area;B1(Coastal Aerosol);B2(Blue);B3(Green);B4(Red);B5(NIR);B6(SWIR1);B7(SWIR2);B8(NDVI);B9(MNDWI);B10(NDWI);B11(EVI);B12(SABI);B13(GNDVI);B14(NDAVI);B15(AWEI);B16(BATHYMETRY);Label;Kategori_Detail;Kategori
458;12;1;Lainnya;0.0643987506628036;0.0962850004434585;0.1619549989700317;0.1501300036907196;0.1963299959897995;0.0953499972820282;0.0545400008559227;0.1224889829754829;0.2611082196235657;-0.0775099098682403;0.0808242410421371;0.165641576051712;0.0775099098682403;0.330615222454071;0.0673525035381317;0.5847688913345337;1;Lamun;Lamun
260;6;31;Lainnya;0.0324162505567073;0.0502087511122226;0.0806512534618377;0.0429212488234043;0.0080337496474385;0.0137987500056624;0.0131799997761845;-0.4132528305053711;0.6496788263320923;0.8641714453697205;-0.0731142163276672;-0.2000454366207122;-0.8641714453697205;-0.4705574810504913;0.2184762507677078;0.565444827079773;0;Coral;Non_Lamun
109;2;32;Lainnya;0.0196287501603364;0.0325125008821487;0.0629962533712387;0.0364999994635582;0.0081475004553794;0.0117225004360079;0.010058750398457;-0.5844144225120544;0.6523163914680481;0.7591487169265747;-0.0687192231416702;-0.2409484982490539;-0.7591487169265747;-0.6421641707420349;0.1579659432172775;0.5706307291984558;1;Lamun;Lamun
420;11;1;Lainnya;0.072428748011589;0.0980174988508224;0.1518212556838989;0.1618587523698806;0.3109500110149383;0.2426124960184097;0.1450700014829635;0.3200337886810303;-0.2225825637578964;-0.3458626866340637;0.2397241294384002;0.6091181635856628;0.3458626866340637;0.5277386903762817;-0.8398450016975403;0.6318674683570862;0;Pasir;Non_Lamun
604;15;33;Kanan_Bawah;0.0018225000239908;0.0055900001898407;0.0065799998119473;0.0;0.0041049998253583;0.0144725004211068;0.0132900001481175;0.7203107476234436;-0.2713247835636139;0.2316331267356872;0.0107488306239247;0.2899011373519897;-0.2316331267356872;-0.2316331267356872;-0.0691437497735023;0.7221189737319946;0;Perairan;Non_Lamun
311;8;6;Lainnya;0.144382506608963;0.1946387439966201;0.2609825134277344;0.2659462392330169;0.2720099985599518;0.1169237494468689;0.0586237497627735;0.0129635771736502;0.3795610666275024;-0.0224897246807813;0.0118502425029873;0.0169265251606702;0.0224897246807813;0.1675781458616256;0.3839049935340881;0.7549077868461609;0;Pasir;Non_Lamun
140;3;25;Lainnya;0.0298037491738796;0.0441449992358684;0.07549499720335;0.0497412495315074;0.0199724994599819;0.0171399991959333;0.013124999590218;-0.3933956921100616;0.6185940504074097;0.5538815855979919;-0.0767392814159393;-0.2483246922492981;-0.5538815855979919;-0.3629078269004822;0.1838768720626831;0.5941479206085205;1;Lamun;Lamun
631;16;22;Kanan_Bawah;0.001189999980852;0.0048612500540912;0.0047375001013278;0.0;0.0006949999951757;0.01184624992311;0.0117087503895163;0.9985981583595276;-0.486027181148529;0.2837956249713897;0.0017751303967088;0.147425964474678;-0.2837956249713897;-0.2665093839168548;-0.0732446908950805;0.7908674478530884;0;Perairan;Non_Lamun
185;4;32;Lainnya;0.0069375000894069;0.0200549997389316;0.0547875016927719;0.0261049997061491;0.0051775001920759;0.0119150001555681;0.0104849999770522;-0.7625136375427246;0.6750307083129883;0.8445020318031311;-0.0647663101553917;-0.3450759947299957;-0.8445020318031311;-0.6777656674385071;0.1609643697738647;0.4088684916496277;1;Lamun;Lamun
716;18;31;Kanan_Bawah;0.0024274999741464;0.0046687498688697;0.0049850000068545;0.0;0.0015337499789893;0.0108287502080202;0.0104574998840689;1.0;-0.4245487451553345;0.4520925879478454;0.0039847306907176;0.1527942419052124;-0.4520925879478454;-0.529526948928833;-0.0559815615415573;0.8099106550216675;0;Perairan;Non_Lamun
572;15;1;Lainnya;0.0;0.0058100000023841;0.0533850006759166;0.0225850008428096;0.0;0.0130975004285573;0.0128499995917081;-1.0;0.5811336040496826;1.0;-0.0517086647450923;-0.3751972615718841;-1.0;-1.0;0.1216325014829635;0.1068309247493743;1;Lamun;Lamun
209;5;18;Lainnya;0.0130425002425909;0.0246200002729892;0.0517624989151954;0.0329524986445903;0.0163425002247095;0.0205224994570016;0.01617749966681;-0.1873446106910705;0.3545876145362854;0.4498863816261291;-0.0173668339848518;-0.1393757164478302;-0.4498863816261291;0.1666156351566314;0.0416262485086917;0.4666192829608917;1;Lamun;Lamun
387;10;6;Lainnya;0.012891249731183;0.0177174992859363;0.0471150018274784;0.0298999994993209;0.0123274996876716;0.0214850008487701;0.015599999576807;-0.2192262560129165;0.3736151456832886;0.4220713078975677;-0.0252248290926218;-0.1633311808109283;-0.4220713078975677;0.0387901812791824;0.0548331253230571;0.3682323694229126;1;Lamun;Lamun
279;7;12;Lainnya;0.0055212499573826;0.0191337503492832;0.0492462515830993;0.0328287482261657;0.0172637496143579;0.0201237499713897;0.0156137496232986;-0.289770245552063;0.4012346863746643;0.4598146975040436;-0.0362539589405059;-0.1940839141607284;-0.4598146975040436;-0.0339190475642681;0.0692362487316131;0.3739646971225738;1;Lamun;Lamun
355;9;12;Lainnya;0.0;0.0029325000941753;0.0231762491166591;0.0112962499260902;0.0062362500466406;0.0140875000506639;0.0121349999681115;-0.0333102010190486;0.1403566747903823;0.4468216598033905;-0.0112281274050474;0.0936472117900848;-0.4468216598033905;0.4051724076271057;0.001424687448889;0.0789526849985122;1;Lamun;Lamun
103;2;26;Lainnya;0.0603287518024444;0.0850924998521804;0.1337537467479705;0.1091274991631507;0.0395524986088275;0.0163562502712011;0.0129049997776746;-0.416083812713623;0.7491321563720703;0.5612732172012329;-0.1529213488101959;-0.2767034471035003;-0.5612732172012329;-0.4151425957679748;0.4187646806240082;0.6571053266525269;1;Lamun;Lamun
496;13;1;Lainnya;0.0;0.0198624990880489;0.0703800022602081;0.0487925000488758;0.0734324976801872;0.0291575007140636;0.0205774996429681;-0.120252788066864;0.4477385580539703;0.2154961675405502;-0.0303408671170473;-0.1149260774254798;-0.2154961675405502;0.2691564857959747;0.1124731227755546;0.2782642245292663;1;Lamun;Lamun
317;8;12;Lainnya;0.001516249962151;0.0090137496590614;0.0407762490212917;0.0258025005459785;0.01184624992311;0.0170025005936622;0.013936249539256;-0.303648293018341;0.3636015653610229;0.4932811558246612;-0.0317037478089332;-0.1922227889299392;-0.4932811558246612;0.3126514554023742;0.0538087487220764;0.1627883017063141;1;Lamun;Lamun
71;1;32;Lainnya;0.131883755326271;0.1675100028514862;0.2163500040769577;0.1886849999427795;0.1408624947071075;0.0505937486886978;0.0295425001531839;-0.1455660462379455;0.623009979724884;0.2117303609848022;-0.1179302707314491;-0.1241414546966552;-0.2117303609848022;-0.0868605598807334;0.5071565508842468;0.7583303451538086;0;Pasir;Non_Lamun
95;2;18;Lainnya;0.2750625014305115;0.3276837468147278;0.4198499917984009;0.4820275008678436;0.5815637707710266;0.3542074859142303;0.2065600007772445;0.093588039278984;0.0882209539413452;-0.1607442200183868;0.1232109665870666;0.1329686939716339;0.1607442200183868;0.2801930904388428;-0.4508609473705292;0.7763074040412903;0;Pasir;Non_Lamun
241;6;12;Lainnya;0.0494249984622001;0.0741887465119361;0.1102687492966651;0.0821499973535537;0.0293087493628263;0.0255824998021125;0.0180750004947185;-0.4712827503681183;0.6175625324249268;0.5742772221565247;-0.137796550989151;-0.2786714136600494;-0.5742772221565247;-0.4299620687961578;0.2817115485668182;0.666432797908783;1;Lamun;Lamun
171;4;18;Lainnya;0.014156250283122;0.0278374999761581;0.0587750002741813;0.0371050015091896;0.0166724994778633;0.0205362495034933;0.0165762491524219;-0.3869951069355011;0.4819779396057129;0.5607160329818726;-0.0494862906634807;-0.233725756406784;-0.5607160329818726;-0.2597509026527405;0.103202186524868;0.4668365716934204;1;Lamun;Lamun
534;14;1;Lainnya;0.0;0.0007774999830871;0.0518449991941452;0.0262700002640485;0.0103475004434585;0.0181850008666515;0.0152700003236532;-0.6101747155189514;0.5157694816589355;0.755948007106781;-0.0429780706763267;-0.3435985445976257;-0.755948007106781;0.7821366190910339;0.1003456264734268;0.0147128393873572;1;Lamun;Lamun
559;14;26;Kanan_Bawah;0.0014612500090152;0.0042562498711049;0.003527499968186;0.0;0.0002650000096764;0.0112549997866153;0.0112412497401237;0.2232790738344192;-0.4378595650196075;0.3557378351688385;0.000679557735566;0.0388705544173717;-0.3557378351688385;-0.3657377958297729;-0.0686968713998794;0.8240679502487183;0;Perairan;Non_Lamun
520;13;25;Kanan_Bawah;0.0012000000569969;0.0036925000604242;0.0046137501485645;0.0;0.0025375001132488;0.0128774996846914;0.0125475004315376;1.0;-0.4425893425941467;0.4691818058490753;0.0066455989144742;0.1818087100982666;-0.4691818058490753;-0.4900377690792084;-0.0723371878266334;0.8417220711708069;0;Perairan;Non_Lamun
483;12;26;Kanan_Bawah;0.0045725000090897;0.0074599999934434;0.0071299998089671;0.0;0.0062500000931322;0.0145824998617172;0.0145824998617172;0.6082420349121094;-0.2528281509876251;0.1488128155469894;0.0155168119817972;0.2646991908550262;-0.1488128155469894;-0.1590289175510406;-0.0742724984884262;0.9175891876220704;0;Perairan;Non_Lamun
222;5;31;Lainnya;0.0300237499177455;0.0476512499153614;0.0795100033283233;0.0480225011706352;0.0115675004199147;0.013124999590218;0.0114200003445148;-0.7582928538322449;0.6681058406829834;0.8131147027015686;-0.0684133172035217;-0.2087955921888351;-0.8131147027015686;-0.7500337362289429;0.1919387429952621;0.5771363377571106;0;Coral;Non_Lamun
216;5;25;Lainnya;0.0212512500584125;0.0372837483882904;0.0655812472105026;0.0372287482023239;0.0161912497133016;0.0189687497913837;0.0158337503671646;-0.3750970959663391;0.5461055040359497;0.596464216709137;-0.0607641525566577;-0.2138496488332748;-0.596464216709137;-0.3791907131671905;0.1364393681287765;0.5388801693916321;0;Coral;Non_Lamun
409;10;28;Kanan_Bawah;0.0;0.0055900001898407;0.0054525001905858;0.0;0.0016987499548122;0.0144312502816319;0.0135925002396106;1.0;-0.4597724676132202;0.2065073251724243;0.0043854555115103;0.1421544253826141;-0.2065073251724243;-0.2060923725366592;-0.0741693750023841;0.8441458940505981;0;Perairan;Non_Lamun
273;7;6;Lainnya;0.1987224966287613;0.2495149970054626;0.3217574954032898;0.3509899973869324;0.5156325101852417;0.2879875004291534;0.15191750228405;0.1869380325078964;0.0383828766644001;-0.2475835084915161;0.2211389392614364;0.293222963809967;0.2475835084915161;0.3477989435195923;-0.4547212421894073;0.7553503513336182;0;Pasir;Non_Lamun
501;13;6;Lainnya;0.0;0.0170575007796287;0.0523675009608268;0.0262700002640485;0.0;0.012657499872148;0.0138950003311038;-0.7599865794181824;0.5560672879219055;1.0;-0.0548924095928669;-0.3221512138843536;-1.0;-0.652858555316925;0.1106031239032745;0.3196233808994293;1;Lamun;Lamun
706;18;21;Kanan_Bawah;0.0008875000057742;0.0044074999168515;0.0059199999086558;0.0;0.00200124992989;0.0121762501075863;0.0119562502950429;1.0;-0.3924884498119354;0.4736774563789367;0.0052026491612195;0.1720792800188064;-0.4736774563789367;-0.4487712383270263;-0.0647815614938736;0.7711682319641113;0;Perairan;Non_Lamun
638;16;29;Kanan_Bawah;0.0050262501463294;0.0065937498584389;0.0055900001898407;0.0;0.0008599999709986;0.0113237500190734;0.0109662497416138;1.0;-0.3558801710605621;0.3022237718105316;0.0022545198444277;0.1761219650506973;-0.3022237718105316;-0.3688708245754242;-0.0641525015234947;0.8575910329818726;0;Perairan;Non_Lamun
184;4;31;Lainnya;0.0059337499551475;0.0203437507152557;0.0516112484037876;0.0278512500226497;0.0054387501440942;0.0127812502905726;0.0113650001585483;-0.5542128682136536;0.5961808562278748;0.8048987984657288;-0.0360680222511291;-0.2265433967113495;-0.8048987984657288;-0.5505796074867249;0.1176303103566169;0.3821808695793152;1;Lamun;Lamun
247;6;18;Lainnya;0.0095774997025728;0.0205224994570016;0.0484624989330768;0.0289650000631809;0.0111999996006488;0.0182399991899728;0.0154349999502301;-0.3402229249477386;0.3930369019508362;0.5786744356155396;-0.0269647594541311;-0.2157670557498932;-0.5786744356155396;0.0291306842118501;0.0500825010240078;0.4149102866649627;1;Lamun;Lamun
362;9;19;Kanan_Bawah;0.0088212499395012;0.0241387505084276;0.0519687496125698;0.0129599999636411;0.0044587501324713;0.0156962499022483;0.0145549997687339;-0.4076198935508728;0.409857839345932;0.7647718191146851;-0.0059275790117681;0.0254569072276353;-0.7647718191146851;-0.4061178267002105;0.0568690635263919;0.4555169939994812;0;Perairan;Non_Lamun
